date,sentiment_mean,post_volume,sentiment_std
2022-01-01,0.20467932960893853,179,0.441192048513409
2022-01-02,0.18410142857142855,210,0.38930547844615365
2022-01-03,0.18532572463768116,276,0.43588730164554756
2022-01-04,0.17026573705179282,251,0.37844622733138006
2022-01-05,0.18746687697160883,317,0.39576929837802427
2022-01-06,0.06549234828496042,379,0.4370353441442047
2022-01-07,0.08530869565217392,345,0.4146470735019128
2022-01-08,0.07597451612903226,310,0.40959272276178094
2022-01-09,0.1975546218487395,238,0.4245625872659702
2022-01-10,0.11900949152542371,295,0.3892488086194295
2022-01-11,0.15713835616438357,292,0.40025554221469206
2022-01-12,0.17714897260273973,292,0.42465620228179635
2022-01-13,0.17518893442622951,244,0.40111145819274485
2022-01-14,0.15497677165354332,254,0.4169350634880941
2022-01-15,0.1481230769230769,221,0.4123987171101843
2022-01-16,0.17115576923076922,208,0.401800213369953
2022-01-17,0.11265219298245614,228,0.4109903152706533
2022-01-18,0.1450536496350365,274,0.37081836198786594
2022-01-19,0.11292712550607288,247,0.38891840371602476
2022-01-20,0.15595592592592591,270,0.3910024932916564
2022-01-21,0.11935045045045045,444,0.3990780484262302
2022-01-22,0.0719223382045929,479,0.4232386514108532
2022-01-23,0.1338753462603878,361,0.4230568014482404
2022-01-24,0.14049216216216218,370,0.40768146848820586
2022-01-25,0.1610169014084507,355,0.40748548841996524
2022-01-26,0.1924208695652174,345,0.4034916954339028
2022-01-27,0.15728707482993198,294,0.42547739102807314
2022-01-28,0.16294468864468864,273,0.39766935337442066
2022-01-29,0.12944411764705882,238,0.40114947542271406
2022-01-30,0.2087861607142857,224,0.41175133047559476
2022-01-31,0.15477083333333333,216,0.40590737129988336
2022-02-01,0.11581628664495114,307,0.40442936883268166
2022-02-02,0.16520581395348838,258,0.3780181322791609
2022-02-03,0.12096302521008404,238,0.38539255057198396
2022-02-04,0.12301374570446734,291,0.3741973030414672
2022-02-05,0.10767985074626865,268,0.3970474803029971
2022-02-06,0.17344471153846155,208,0.4251247780124204
2022-02-07,0.11610348101265822,316,0.3873596296547394
2022-02-08,0.10540038022813687,263,0.41553782454285554
2022-02-09,0.14795367412140575,313,0.36070138262885526
2022-02-10,0.17708633333333335,300,0.40302459012742636
2022-02-11,0.14172352941176472,238,0.3951545263529134
2022-02-12,0.08842487562189054,201,0.40122438519874326
2022-02-13,0.1434918181818182,220,0.4123255451507869
2022-02-14,0.18907608695652173,230,0.405396943319438
2022-02-15,0.10224594594594595,296,0.41498703788266383
2022-02-16,0.11375378787878787,264,0.43468555829053934
2022-02-17,0.16346300366300365,273,0.44191100779462666
2022-02-18,0.1291485401459854,274,0.41618850980515026
2022-02-19,0.16782699115044247,226,0.4201338183925793
2022-02-20,0.17283076923076923,221,0.4393903091514694
2022-02-21,0.136076953125,256,0.41522753646089766
2022-02-22,0.12119924812030074,266,0.4172400094775985
2022-02-23,0.12503162790697675,215,0.4057438367382504
2022-02-24,0.07880388349514564,309,0.44154688186077523
2022-02-25,0.13147459677419354,248,0.4221352479605166
2022-02-26,0.13219493087557604,217,0.43548161920869805
2022-02-27,0.16043333333333332,207,0.4335767885316258
2022-02-28,0.1137287162162162,296,0.4215073632905798
2022-03-01,0.10299142857142857,280,0.3936885781389799
2022-03-02,0.09700491228070175,285,0.41716244291474924
2022-03-03,0.1449650205761317,243,0.3906369170488967
2022-03-04,0.12616881188118811,202,0.42231027424031453
2022-03-05,0.15977388059701494,134,0.40398961144409706
2022-03-06,0.1694128078817734,203,0.3953316902054409
2022-03-07,0.10291844660194174,206,0.43380827219396895
2022-03-08,0.16148,210,0.4200013689656431
2022-03-09,0.1366513833992095,253,0.43038865774361246
2022-03-10,0.16736160714285714,224,0.4289172849786533
2022-03-11,0.1322470588235294,204,0.39844058681669703
2022-03-12,0.13703803680981594,163,0.4180773745813839
2022-03-13,0.15730601092896174,183,0.43511232390524135
2022-03-14,0.14992920792079206,202,0.43905163126197067
2022-03-15,0.11242487804878049,205,0.41491802641335646
2022-03-16,0.1818341121495327,214,0.39401660376456954
2022-03-17,0.183834496124031,258,0.40492338518729076
2022-03-18,0.1240279792746114,193,0.413223135399931
2022-03-19,0.11959863945578231,147,0.46351464592225955
2022-03-20,0.18696824324324324,148,0.47347451468846546
2022-03-21,0.24255310734463276,177,0.3959350474796036
2022-03-22,0.13131836734693877,196,0.423714971285745
2022-03-23,0.1345492957746479,213,0.40621981416094716
2022-03-24,0.1742504716981132,212,0.4165458843767942
2022-03-25,0.1917560606060606,198,0.423597372092044
2022-03-26,0.17007527472527473,182,0.42419184898392287
2022-03-27,0.19592543352601155,173,0.4216368697478557
2022-03-28,0.16299170124481327,241,0.40327482349407456
2022-03-29,0.1342760162601626,246,0.42508852882758397
2022-03-30,0.14227753303964757,227,0.4069357666878352
2022-03-31,0.17090394736842104,228,0.4218474203069066
2022-04-01,0.13428232931726908,249,0.42065813797111606
2022-04-02,0.13975433070866142,254,0.38531941911097184
2022-04-03,0.15317326203208556,187,0.45740521261628553
2022-04-04,0.18682545454545454,220,0.4371063623915481
2022-04-05,0.18765424528301886,212,0.39644426959138246
2022-04-06,0.14240723981900452,221,0.42437314877580573
2022-04-07,0.2012667938931298,262,0.40741124826760594
2022-04-08,0.16128426966292134,267,0.43470749155066646
2022-04-09,0.22856804123711338,194,0.41374121146125675
2022-04-10,0.1723633540372671,161,0.44338586407460057
2022-04-11,0.13902008368200836,239,0.44471432915179854
2022-04-12,0.1559518181818182,220,0.45294538659609757
2022-04-13,0.09547378640776699,206,0.41035554814680086
2022-04-14,0.2168648888888889,225,0.42696007201149805
2022-04-15,0.14733333333333334,192,0.4363577869762371
2022-04-16,0.16537727272727273,154,0.42460384882186764
2022-04-17,0.19615945945945945,185,0.39766579332963603
2022-04-18,0.11998202247191012,178,0.44648254875375515
2022-04-19,0.2536923076923077,208,0.3955837046443597
2022-04-20,0.17003645320197044,203,0.3843245126723292
2022-04-21,0.190017816091954,174,0.39669161254190766
2022-04-22,0.15536170212765957,188,0.4450935033908311
2022-04-23,0.175362893081761,159,0.4316888026675456
2022-04-24,0.17508757763975155,161,0.440041103301408
2022-04-25,0.14563011363636363,176,0.44192563285433123
2022-04-26,0.1751368983957219,187,0.3870676463856161
2022-04-27,0.1672163366336634,202,0.41802164632523897
2022-04-28,0.19301747572815534,206,0.42698124890048905
2022-04-29,0.15406598984771575,197,0.4289003730598487
2022-04-30,0.1347176056338028,142,0.3884485922703023
2022-05-01,0.11741454545454545,165,0.4606295170549339
2022-05-02,0.1102846889952153,209,0.3965615938857612
2022-05-03,0.1540632768361582,177,0.440018405421473
2022-05-04,0.18353136363636363,220,0.39741048843452365
2022-05-05,0.10011679999999999,250,0.39322622268433005
2022-05-06,0.16450571428571428,245,0.4167836802404265
2022-05-07,0.12688424242424243,165,0.4027272064300662
2022-05-08,0.24636294416243656,197,0.40318158933289844
2022-05-09,0.11719619047619048,315,0.4046170131251058
2022-05-10,0.076516,300,0.41630705080003083
2022-05-11,0.09165683060109289,366,0.4386861738391109
2022-05-12,0.07938508158508158,429,0.4431542191229295
2022-05-13,0.1108343653250774,323,0.4669035368889983
2022-05-14,0.096672,200,0.4660207950543791
2022-05-15,0.073588,225,0.4253487671773431
2022-05-16,0.14434,225,0.4057129145317625
2022-05-17,0.15077793427230046,213,0.4045227972812422
2022-05-18,0.07249958333333333,240,0.4417164240647256
2022-05-19,0.18641267605633802,213,0.4203953637551936
2022-05-20,0.11990242718446602,206,0.419552807855514
2022-05-21,0.15460797872340423,188,0.40828570026098615
2022-05-22,0.17980572916666668,192,0.4394392374039284
2022-05-23,0.131828,200,0.4358408571713988
2022-05-24,0.1653041237113402,194,0.44180404335974666
2022-05-25,0.16209951456310678,206,0.40813286735375437
2022-05-26,0.13601844660194176,206,0.4468260824423142
2022-05-27,0.1443838888888889,180,0.4467173944689247
2022-05-28,0.0902235294117647,187,0.3600674926015072
2022-05-29,0.10590387096774195,155,0.41749016426455565
2022-05-30,0.1725777777777778,126,0.4260855898786325
2022-05-31,0.11379106145251397,179,0.3875587475996405
2022-06-01,0.13741782178217823,101,0.424036271890988
2022-06-02,0.1443356783919598,199,0.42424558078020375
2022-06-03,0.102924,200,0.3879517646337133
2022-06-04,0.14160484848484847,165,0.40846125391762506
2022-06-05,0.20323774834437086,151,0.45962215173505605
2022-06-06,0.20424908256880733,218,0.4597477935376622
2022-06-07,0.1696645631067961,206,0.44863562960685033
2022-06-08,0.14537978723404255,188,0.3909963957818447
2022-06-09,0.1695016393442623,183,0.4416192215760425
2022-06-10,0.13854545454545455,187,0.40387896651031835
2022-06-11,0.052386875,160,0.4416495288174079
2022-06-12,0.11250217391304347,230,0.3799954765814031
2022-06-13,0.08295369649805447,514,0.4255436236504832
2022-06-14,0.11138741865509762,461,0.43920772649770007
2022-06-15,0.09506658163265307,392,0.4562717998918192
2022-06-16,0.10544006968641115,287,0.44579709662674377
2022-06-17,0.10444364261168385,291,0.44683652559520687
2022-06-18,0.09253830935251799,556,0.44572628261774694
2022-06-19,0.10962739018087855,387,0.43876886721066094
2022-06-20,0.119,254,0.4598250789605833
2022-06-21,0.12493185483870968,248,0.42614492022050915
2022-06-22,0.16147815126050422,238,0.4324275473880309
2022-06-23,0.17728289473684208,228,0.44200189388679423
2022-06-24,0.1453218181818182,220,0.43914677170816374
2022-06-25,0.08911266666666666,150,0.3757299555570573
2022-06-26,0.17668734939759037,166,0.41689793739310915
2022-06-27,0.15322717391304347,184,0.44966624577666126
2022-06-28,0.13870779816513762,218,0.4545142293542109
2022-06-29,0.16691761658031087,193,0.41471464411352327
2022-06-30,0.1014810606060606,264,0.4344656151441643
2022-07-01,0.12102307692307691,221,0.4137304530527296
2022-07-02,0.15255133689839573,187,0.46001188394633785
2022-07-03,0.11919738219895289,191,0.40585663743618383
2022-07-04,0.15855245098039217,204,0.41695761635486134
2022-07-05,0.12252762430939226,181,0.4336074639443072
2022-07-06,0.08926956521739131,207,0.3883778627360244
2022-07-07,0.16183386243386244,189,0.4387419182942438
2022-07-08,0.08468106796116504,206,0.44612329432275843
2022-07-09,0.1319168918918919,148,0.419403887522738
2022-07-10,0.100831007751938,129,0.40861572503974664
2022-07-11,0.11369943502824859,177,0.44103104617799954
2022-07-12,0.1738132530120482,249,0.406404239733851
2022-07-13,0.18336962025316456,237,0.418077329038793
2022-07-14,0.1576911214953271,214,0.47506659633536213
2022-07-15,0.130633,200,0.3946618375789659
2022-07-16,0.17357935483870968,155,0.46457381987846047
2022-07-17,0.19191513157894735,152,0.4352373188006788
2022-07-18,0.159572972972973,148,0.4274283689193872
2022-07-19,0.13944869109947644,191,0.4295815436173891
2022-07-20,0.12524377682403434,233,0.4034539364675864
2022-07-21,0.11971126126126126,222,0.39567898445758837
2022-07-22,0.12741986301369865,146,0.3884346592405104
2022-07-23,0.07629384615384616,130,0.4112844493248077
2022-07-24,0.07913719008264462,121,0.40750270615302486
2022-07-25,0.1557701030927835,194,0.37954905890686613
2022-07-26,0.17968813559322033,177,0.4382243494871502
2022-07-27,0.1525046783625731,171,0.4598025387966734
2022-07-28,0.18228208955223882,201,0.40969408413792346
2022-07-29,0.16075789473684213,152,0.42807356697792887
2022-07-30,0.11420814814814814,135,0.41487483493754523
2022-07-31,0.19016206896551724,145,0.4172821857083986
2022-08-01,0.13109358974358976,156,0.4783061980106651
2022-08-02,0.07181116751269034,197,0.3823213175780948
2022-08-03,0.1568056818181818,176,0.4171365888963757
2022-08-04,0.230584375,160,0.42295157796312066
2022-08-05,0.23347696629213485,178,0.39649648594250625
2022-08-06,0.18567868852459016,122,0.4584665228780817
2022-08-07,0.13117333333333334,135,0.4009563928721858
2022-08-08,0.1716425,160,0.40255324262877756
2022-08-09,0.2070648854961832,131,0.41661834682516435
2022-08-10,0.1434546762589928,139,0.43023476726068777
2022-08-11,0.17925666666666665,180,0.44791607717288306
2022-08-12,0.13709047619047618,147,0.44445580351542135
2022-08-13,0.20635488721804512,133,0.4065357300011905
2022-08-14,0.1745373015873016,126,0.46369072205238304
2022-08-15,0.14440451612903227,155,0.40124581469548193
2022-08-16,0.22848163265306126,147,0.42196675435822845
2022-08-17,0.12186827586206896,145,0.44142923298824466
2022-08-18,0.22196946564885495,131,0.43460127542259114
2022-08-19,0.0907541095890411,146,0.3537662906938289
2022-08-20,0.12028561151079137,139,0.439162076079929
2022-08-21,0.26274583333333335,120,0.37955017779140166
2022-08-22,0.09292972972972974,148,0.4246080584819577
2022-08-23,0.14803283582089552,134,0.4702953207168218
2022-08-24,0.1983,124,0.4093095550679446
2022-08-25,0.20922123287671232,146,0.37170761075189646
2022-08-26,0.19014965517241378,145,0.38201926309854123
2022-08-27,0.11562794117647059,136,0.4597697682602676
2022-08-28,0.11812543859649123,114,0.40528084959231186
2022-08-29,0.16897908496732025,153,0.41408679576642443
2022-08-30,0.15673614457831325,166,0.40706448214631263
2022-08-31,0.10555117647058823,170,0.42599884632427537
2022-09-01,0.10671917808219178,146,0.42659318055804646
2022-09-02,0.12109327731092437,119,0.44971251452137095
2022-09-03,0.17097391304347825,138,0.4171275345076494
2022-09-04,0.12458245614035088,114,0.431839867331541
2022-09-05,0.14036222222222222,135,0.41305943771396525
2022-09-06,0.16127202797202797,143,0.41810869339652074
2022-09-07,0.11416216216216217,148,0.37944617508027173
2022-09-08,0.11795112781954888,133,0.4350738949107489
2022-09-09,0.11868582089552239,134,0.4123463653112651
2022-09-10,0.19606311475409835,122,0.372065821112078
2022-09-11,0.17662137404580153,131,0.4668342922951492
2022-09-12,0.1550050279329609,179,0.39126246905840445
2022-09-13,0.19527114093959733,149,0.4432288645736613
2022-09-14,0.14637338129496402,139,0.430871465176915
2022-09-15,0.11133739837398374,123,0.40360310064739635
2022-09-16,0.1642248120300752,133,0.43979579169752264
2022-09-17,0.17022169811320756,106,0.4359449135153961
2022-09-18,0.16126262626262627,99,0.43142035980497817
2022-09-19,0.104428125,128,0.44855484955691155
2022-09-20,0.04213287671232877,146,0.4477634049068061
2022-09-21,0.1423556338028169,142,0.42861705478070544
2022-09-22,0.11207674418604652,129,0.41034853868990673
2022-09-23,0.1402490909090909,110,0.37988812084212925
2022-09-24,0.161918018018018,111,0.43701389206090224
2022-09-25,0.16313095238095238,84,0.4213741224596025
2022-09-26,0.15071526717557251,131,0.39667897725476914
2022-09-27,0.1676317365269461,167,0.4049378817585617
2022-09-28,0.16117735849056603,159,0.4043536996502275
2022-09-29,0.14161524390243904,164,0.4168271439406352
2022-09-30,0.12864499999999998,160,0.4280097243355415
2022-10-01,0.146048031496063,127,0.4147331907384102
2022-10-02,0.07525329341317366,167,0.4527361883471301
2022-10-03,0.1410051948051948,154,0.43695118956737133
2022-10-04,0.15220745341614908,161,0.41215635542728135
2022-10-05,0.08627333333333334,135,0.3892039478408786
2022-10-06,0.16311205673758863,141,0.3927075699505344
2022-10-07,0.11381492537313434,134,0.39741994389516194
2022-10-08,0.10745894736842106,95,0.3591988779701996
2022-10-09,0.2379509090909091,110,0.44001952370059466
2022-10-10,0.1997944827586207,145,0.4120482134982828
2022-10-11,0.11368627450980391,153,0.41387527425459825
2022-10-12,0.0932233082706767,133,0.44624822584949403
2022-10-13,0.1686012987012987,154,0.4482939212922516
2022-10-14,0.1302991304347826,115,0.4721136700577284
2022-10-15,0.1385864406779661,118,0.42082155016055267
2022-10-16,0.17435729166666666,96,0.37608079527922034
2022-10-17,0.13725912408759125,137,0.46524563097400884
2022-10-18,0.1488055944055944,143,0.37753831757331313
2022-10-19,0.13181062500000001,160,0.3915321862954147
2022-10-20,0.1438820895522388,134,0.4083805892691786
2022-10-21,0.10241376146788991,109,0.4408900199780848
2022-10-22,0.161075,108,0.3753611577067522
2022-10-23,0.2065673684210526,95,0.43722681718821077
2022-10-24,0.14192086330935252,139,0.3850979665447878
2022-10-25,0.17068121212121212,165,0.40818930382191465
2022-10-26,0.12048260869565217,138,0.43709706949656857
2022-10-27,0.16657385620915033,153,0.42188286160647565
2022-10-28,0.17175913043478258,115,0.37118796035367035
2022-10-29,0.21005974842767297,159,0.3692326548842176
2022-10-30,0.029638636363636364,132,0.39399850982934526
2022-10-31,0.22110076923076924,130,0.44103935198506217
2022-11-01,0.22297615384615382,130,0.43005421972999297
2022-11-02,0.1899008,125,0.39262182586366245
2022-11-03,0.11837956204379561,137,0.4014190080457017
2022-11-04,0.08305263157894736,114,0.4172084865821875
2022-11-05,0.16251785714285713,112,0.42153061193152597
2022-11-06,0.12687755102040815,98,0.3763488685130515
2022-11-07,0.11510214285714286,140,0.4025850604017547
2022-11-08,0.13313020833333333,192,0.4233481277891449
2022-11-09,0.10386125356125356,351,0.4351025960228836
2022-11-10,0.057228521126760565,284,0.43241912415655387
2022-11-11,0.08289116465863454,249,0.44624742811476387
2022-11-12,0.08220189393939394,264,0.42885798055637697
2022-11-13,0.16490637450199203,251,0.41916504152803946
2022-11-14,0.16686837944664032,253,0.44133587840510047
2022-11-15,0.12230632911392404,237,0.43772465525225407
2022-11-16,0.10444979423868313,243,0.44411631893198106
2022-11-17,0.08710565217391304,230,0.4523005006560105
2022-11-18,0.15137703349282297,209,0.4590643930539634
2022-11-19,0.1288361963190184,163,0.4881340838388523
2022-11-20,0.16007820512820514,156,0.43444455473031557
2022-11-21,0.16797005347593583,187,0.46153474846930076
2022-11-22,0.12070597014925373,201,0.4849182078084706
2022-11-23,0.15811587982832617,233,0.41779186025668813
2022-11-24,0.15820434782608697,207,0.42065615750287355
2022-11-25,0.11963495145631067,206,0.4345292125145722
2022-11-26,0.1692122448979592,147,0.44943357515785637
2022-11-27,0.16646174496644295,149,0.4005061030673961
2022-11-28,0.11989438775510206,196,0.4237990628359729
2022-11-29,0.18804625000000003,240,0.4170502777985168
2022-11-30,0.10144114583333334,192,0.42292327466843416
2022-12-01,0.1867184210526316,190,0.4191820361064142
2022-12-02,0.23648078602620087,229,0.45821344407487496
2022-12-03,0.1663457746478873,142,0.3811122653652162
2022-12-04,0.19170942028985508,138,0.39157544711909964
2022-12-05,0.1278448275862069,174,0.4551318903703089
2022-12-06,0.13628,175,0.470849801197108
2022-12-07,0.11763611111111112,180,0.4447860841393421
2022-12-08,0.18511344086021506,186,0.4560521886707043
2022-12-09,0.1875707182320442,181,0.40863255332610826
2022-12-10,0.1052164705882353,170,0.4203191183679087
2022-12-11,0.3268851515151515,330,0.4590214860022124
2022-12-12,0.16575521235521234,259,0.4679432210656871
2022-12-13,0.08749230769230769,247,0.44357069846201946
2022-12-14,0.13882966101694913,236,0.448510035431135
2022-12-15,0.18130391061452514,179,0.4262234775910282
2022-12-16,0.1475840182648402,219,0.4372853979254572
2022-12-17,0.15004864864864864,185,0.4308459467075901
2022-12-18,0.2075949044585987,157,0.44646226716208615
2022-12-19,0.15435749999999998,160,0.4193626077736809
2022-12-20,0.1566450292397661,171,0.42303011214802394
2022-12-21,0.2150726153846154,325,0.31133221243689957
2022-12-22,0.1658379120879121,182,0.4026151975323513
2022-12-23,0.1699094786729858,211,0.3667527206445823
2022-12-24,0.18755714285714287,133,0.40202690421159215
2022-12-25,0.244768,125,0.42796551311917047
2022-12-26,0.15274634146341462,164,0.4044426299325757
2022-12-27,0.14555933333333335,150,0.34828817527029193
2022-12-28,0.18047407407407406,216,0.4311059855378729
2022-12-29,0.15709435897435897,195,0.43656725762696885
2022-12-30,0.24829605263157895,152,0.4605636947675721
2022-12-31,0.14210461538461538,130,0.43435694978150663
2023-01-01,0.19580578512396693,121,0.41770932682459155
2023-01-02,0.12593333333333334,168,0.46595424252574896
2023-01-03,0.1866566210045662,219,0.4362628913365625
2023-01-04,0.16267740384615384,208,0.4393998286189117
2023-01-05,0.20386357142857142,140,0.41303371319028837
2023-01-06,0.06810764331210191,157,0.3933079449446577
2023-01-07,0.17281578947368423,133,0.4746528854254898
2023-01-08,0.16721229946524063,187,0.41655377198560667
2023-01-09,0.13838659217877095,179,0.3778206676425629
2023-01-10,0.16400880829015543,193,0.40269790201414424
2023-01-11,0.16310056818181817,176,0.3880895411403566
2023-01-12,0.1680121693121693,189,0.3301283865505044
2023-01-13,0.13264301075268817,186,0.41035220584612225
2023-01-14,0.11519532710280375,214,0.3730439847150094
2023-01-15,0.14119465240641713,187,0.39355659042089813
2023-01-16,0.17957964071856286,167,0.4114295443261805
2023-01-17,0.09397848101265824,158,0.4263795984265264
2023-01-18,0.13419397590361445,166,0.36465728180801704
2023-01-19,0.12476114285714286,175,0.3916424169243145
2023-01-20,0.18884166666666666,192,0.4404604603173443
2023-01-21,0.10800152284263959,197,0.4117421445760905
2023-01-22,0.1455329268292683,164,0.4089005592750274
2023-01-23,0.14187469879518072,166,0.4348484660739629
2023-01-24,0.18440641711229946,187,0.3940523986246311
2023-01-25,0.12728024691358025,162,0.3858660009165005
2023-01-26,0.20843333333333336,159,0.405101149373374
2023-01-27,0.18139709302325582,172,0.4163146243920913
2023-01-28,0.18190628930817612,159,0.418592515020372
2023-01-29,0.18024583333333333,144,0.45986193547933196
2023-01-30,0.18559782608695652,184,0.4009715948617291
2023-01-31,0.1738765060240964,166,0.39304582953054523
2023-02-01,0.1360140625,192,0.4274276645702218
2023-02-02,0.06883195266272189,169,0.4360892490530084
2023-02-03,0.09545228758169935,153,0.4420255872096342
2023-02-04,0.10285114503816793,131,0.4310288017088011
2023-02-05,0.22714137931034484,116,0.43486262459869274
2023-02-06,0.0815967741935484,155,0.3926129028483821
2023-02-07,0.11927703703703703,135,0.46139986186437976
2023-02-08,0.1621993670886076,158,0.3571083078042031
2023-02-09,0.11322456140350877,171,0.38449514964310183
2023-02-10,0.18337847222222223,144,0.39430193751099213
2023-02-11,0.1615158273381295,139,0.4057469060592646
2023-02-12,0.16730487804878047,123,0.4109382574687097
2023-02-13,0.13806496350364963,137,0.41663253639276043
2023-02-14,0.1538513698630137,146,0.4180152962448411
2023-02-15,0.17078860759493672,158,0.34969182537718607
2023-02-16,0.1458509090909091,165,0.3511421803302693
2023-02-17,0.10173355704697987,149,0.4221078041517065
2023-02-18,0.19831615384615386,130,0.3717168572786179
2023-02-19,0.18525592105263158,152,0.3962899951167196
2023-02-20,0.2289377358490566,159,0.40506836345649383
2023-02-21,0.08422684563758388,149,0.3973558889933374
2023-02-22,0.09854453125,128,0.43946642178370016
2023-02-23,0.19952394366197182,142,0.398407112238486
2023-02-24,0.204648322147651,149,0.4038364621845499
2023-02-25,0.15141748251748252,143,0.49467225275929483
2023-02-26,0.19576267605633804,142,0.3923212619380632
2023-02-27,0.14920984848484847,132,0.38658845799695757
2023-02-28,0.12346433121019108,157,0.465257289449879
2023-03-01,0.19832564102564104,117,0.45591702439147136
2023-03-02,0.19605032679738563,153,0.37689426081081334
2023-03-03,0.12374477611940299,134,0.4057139198338431
2023-03-04,0.17402462686567163,134,0.4153597075815017
2023-03-05,0.10407622950819673,122,0.4161567445589032
2023-03-06,0.09520375939849625,133,0.3940239316309115
2023-03-07,0.19134736842105263,114,0.44496291149221967
2023-03-08,0.18841147540983608,122,0.3926738202674391
2023-03-09,0.14759884393063585,173,0.4208787321877384
2023-03-10,0.12254918032786885,183,0.42845808992333545
2023-03-11,0.10107382198952879,191,0.4261215390565783
2023-03-12,0.14493513513513512,148,0.410041171462744
2023-03-13,0.11501529850746268,268,0.4574120521973772
2023-03-14,0.11451142857142857,175,0.41874835993600845
2023-03-15,0.13127083333333334,240,0.4066535636378788
2023-03-16,0.12630193548387098,155,0.4266107892631292
2023-03-17,0.16161410788381741,241,0.45898352889851973
2023-03-18,0.15120833333333333,216,0.4345910352621561
2023-03-19,0.17676033755274262,237,0.4431336337982883
2023-03-20,0.13736045627376425,263,0.41283894133640126
2023-03-21,0.12813316062176167,193,0.4403812470448902
2023-03-22,0.12053104838709677,248,0.4014107854402049
2023-03-23,0.13580201005025125,199,0.3987063738156085
2023-03-24,0.17170463917525772,194,0.42501065750626843
2023-03-25,0.14582666666666666,180,0.46412443760977734
2023-03-26,0.1826511904761905,168,0.4392737840616529
2023-03-27,0.1142890625,192,0.443232218142044
2023-03-28,0.1524531914893617,188,0.4424468452202759
2023-03-29,0.14080853658536585,164,0.4355891449973967
2023-03-30,0.15992128712871287,202,0.43674542614210216
2023-03-31,0.10233840579710145,138,0.4285380783228283
2023-04-01,0.08589173553719008,121,0.32933916853470296
2023-04-02,0.1809719178082192,146,0.4036045744491713
2023-04-03,0.10722837837837838,148,0.41675323471446685
2023-04-04,0.0837,171,0.40005559907710464
2023-04-05,0.10565857142857142,140,0.4313796551813952
2023-04-06,0.11448687499999999,160,0.3626880082606605
2023-04-07,0.15331194968553458,159,0.3988237287680526
2023-04-08,0.10642567567567568,148,0.3997718553663799
2023-04-09,0.16188344827586207,145,0.3880839261705073
2023-04-10,0.1406639240506329,158,0.3350732756097029
2023-04-11,0.03994688995215311,209,0.3274577825143624
2023-04-12,0.08201988304093567,171,0.4112896664395864
2023-04-13,0.18185340314136125,191,0.3976631036130957
2023-04-14,0.10441458333333332,192,0.36020752947270657
2023-04-15,0.18304206896551725,145,0.3980084776576452
2023-04-16,0.08578978102189781,137,0.40209181316999487
2023-04-17,0.13047253521126762,142,0.41972973491889687
2023-04-18,0.187236875,160,0.38978591134364615
2023-04-19,0.11022123287671234,146,0.3961041413409295
2023-04-20,0.17968345323741006,139,0.3820337380952907
2023-04-21,0.10602777777777778,144,0.4282621536278827
2023-04-22,0.1124261744966443,149,0.37055589529785693
2023-04-23,0.17714567901234568,162,0.39082055787723596
2023-04-24,0.18109451219512196,164,0.4033246702119783
2023-04-25,0.1267899470899471,189,0.41638455087444365
2023-04-26,0.140324,175,0.3808430483370632
2023-04-27,0.12889470588235294,170,0.4044608607042578
2023-04-28,0.10409041916167663,167,0.393453556181044
2023-04-29,0.11654117647058823,119,0.361207325650642
2023-04-30,0.12194264705882352,136,0.37508962358789877
2023-05-01,0.14950902777777778,144,0.35843348348858456
2023-05-02,0.07814312500000001,160,0.3459813549020503
2023-05-03,0.12269772727272728,132,0.37970665404304715
2023-05-04,0.16766011235955058,178,0.43832121755160275
2023-05-05,0.13661208053691276,149,0.38733344945833265
2023-05-06,0.06651875,128,0.37720990308348473
2023-05-07,0.08715298013245033,151,0.41843377617140276
2023-05-08,0.09188173515981735,219,0.38603993546647103
2023-05-09,0.130720197044335,203,0.3864461883254228
2023-05-10,0.104724064171123,187,0.36599484206447813
2023-05-11,0.1793543624161074,149,0.4243540234609098
2023-05-12,0.15377820512820511,156,0.37134511750676436
2023-05-13,0.14625080645161292,124,0.3632330369129925
2023-05-14,0.17454214285714287,140,0.4268750594877163
2023-05-15,0.08422156862745098,153,0.36220651221680167
2023-05-16,0.16327555555555556,180,0.3996667336001547
2023-05-17,0.20402,220,0.41551134537697787
2023-05-18,0.20248717948717948,195,0.3847547358948947
2023-05-19,0.17169937888198758,161,0.3778631428005539
2023-05-20,0.15263142857142858,140,0.41036656171813235
2023-05-21,0.15229147286821706,129,0.3997814316971775
2023-05-22,0.21799036144578313,166,0.413684810369897
2023-05-23,0.11814452554744526,137,0.38553276905809714
2023-05-24,0.10580545454545456,165,0.4054721525511422
2023-05-25,0.15916879432624115,141,0.4231351938860257
2023-05-26,0.157425786163522,159,0.31719747437296364
2023-05-27,0.1280937007874016,127,0.4106216189245996
2023-05-28,0.17070064102564103,156,0.39623914960160844
2023-05-29,0.180173125,160,0.3715416984346543
2023-05-30,0.22798364779874214,159,0.39904971500725184
2023-05-31,0.16394598540145985,137,0.3497058015664105
2023-06-01,0.1995016,125,0.4143570612297657
2023-06-02,0.1406734375,128,0.41906865212562694
2023-06-03,0.16218048780487804,123,0.3799810374169763
2023-06-04,0.17218299319727892,147,0.39667252329369235
2023-06-05,0.1001132911392405,158,0.3998255989396418
2023-06-06,0.17965714285714288,175,0.4150559295407816
2023-06-07,0.23503671875,128,0.3971851992451189
2023-06-08,0.2047421383647799,159,0.3906666649287314
2023-06-09,0.1619984496124031,129,0.4722900958998372
2023-06-10,0.19856153846153848,143,0.4749226940684961
2023-06-11,0.1596964705882353,170,0.4668233597606688
2023-06-12,0.23716923076923074,26,0.47392670468690057
2023-06-13,0.0649,8,0.6565949196966335
2023-06-14,0.2658015151515151,66,0.38709183664560654
2023-06-15,0.14704934210526313,152,0.3967879751430319
2023-06-16,0.20858742138364778,159,0.40016031577580213
2023-06-17,0.08846000000000001,125,0.4428694590304636
2023-06-18,0.1347388157894737,152,0.4499649567001758
2023-06-19,0.15887077625570778,219,0.35187966036784124
2023-06-20,0.1461430693069307,202,0.3767547528004081
2023-06-21,0.13895228215767633,241,0.40608294832688235
2023-06-22,0.1769258426966292,178,0.41574560032204666
2023-06-23,0.22347159090909094,176,0.4243892066619612
2023-06-24,0.17703888888888888,162,0.41649502651508474
2023-06-25,0.17414032258064516,124,0.39507782210007975
2023-06-26,0.19607975460122698,163,0.355708082416236
2023-06-27,0.1639311111111111,180,0.39905096666811674
2023-06-28,0.15714941176470587,170,0.3812726288943786
2023-06-29,0.14457888198757765,161,0.37808647215450886
2023-06-30,0.20317222222222223,144,0.41790304450627624
2023-07-01,0.2969892156862745,102,0.46352081263297473
2023-07-02,0.30078290598290597,117,0.45282644869343713
2023-07-03,0.20087518248175182,137,0.45039018456239727
2023-07-04,0.2342348148148148,135,0.49245675563133773
2023-07-05,0.2553496598639456,147,0.4756982431588372
2023-07-06,0.17215956284153006,183,0.4449897360266173
2023-07-07,0.256949593495935,123,0.44371788673900503
2023-07-08,0.2569948717948718,117,0.5194943016590591
2023-07-09,0.2066,124,0.48076338787593975
2023-07-10,0.22805744680851064,141,0.4434534756132086
2023-07-11,0.2283716049382716,162,0.47101721882639125
2023-07-12,0.25078698630136986,146,0.4656519770821446
2023-07-13,0.18336714285714284,140,0.4694088491812012
2023-07-14,0.17706384615384615,130,0.5087854327609465
2023-07-15,0.2611418032786885,122,0.4769343253713057
2023-07-16,0.2250178947368421,95,0.48089207064843786
2023-07-17,0.193703125,128,0.47590289635787153
2023-07-18,0.21655153846153843,130,0.4729410870492436
2023-07-19,0.2398050279329609,179,0.463135267967418
2023-07-20,0.14058589743589744,156,0.45892070457777034
2023-07-21,0.2297648648648649,185,0.45559051767066205
2023-07-22,0.18817202797202798,143,0.3995775826596986
2023-07-23,0.20734076923076922,130,0.4453109058833262
2023-07-24,0.23406932515337425,163,0.4880649993813803
2023-07-25,0.1809646153846154,130,0.4818319400248863
2023-07-26,0.19359242424242426,132,0.4440778065415796
2023-07-27,0.24530518518518518,135,0.44864486043396135
2023-07-28,0.24560916666666666,120,0.47899420304834744
2023-07-29,0.23811935483870966,93,0.4510106812718723
2023-07-30,0.21383539823008849,113,0.48071895169786233
2023-07-31,0.16484193548387097,155,0.4552564798558884
2023-08-01,0.27248629032258065,124,0.4891836467187151
2023-08-02,0.2335632,125,0.42707310954086447
2023-08-03,0.13212910447761195,134,0.48325175490653377
2023-08-04,0.1181255033557047,149,0.44006097245758946
2023-08-05,0.16959416666666668,120,0.4195638099716838
2023-08-06,0.3055324786324787,117,0.49812769980734384
2023-08-07,0.2141823076923077,130,0.4439572572598663
2023-08-08,0.23903389830508473,118,0.470681181446188
2023-08-09,0.25315111111111116,135,0.44426099712014916
2023-08-10,0.19917880794701986,151,0.4737418938070633
2023-08-11,0.22830680272108847,147,0.463764787551388
2023-08-12,0.2066552,125,0.4183736581280948
2023-08-13,0.3058262295081967,122,0.47667291362007796
2023-08-14,0.2710433823529412,136,0.4217826083382565
2023-08-15,0.20000689655172416,116,0.4823819226052857
2023-08-16,0.22807721518987342,158,0.5120366346988506
2023-08-17,0.26462675159235666,157,0.48428567159855396
2023-08-18,0.14393286713286713,143,0.43250932103873047
2023-08-19,0.1785117117117117,111,0.47040722063465956
2023-08-20,0.28435233644859814,107,0.5008500610463674
2023-08-21,0.17332773722627737,137,0.4932028161937641
2023-08-22,0.17248333333333335,132,0.4954550654272356
2023-08-23,0.22982800000000003,150,0.4694881569819506
2023-08-24,0.2001264285714286,140,0.48803239345999344
2023-08-25,0.23563170731707317,123,0.45099711338487236
2023-08-26,0.2117175438596491,114,0.45814391336479204
2023-08-27,0.15181368421052632,95,0.4630942313948381
2023-08-28,0.24664117647058822,136,0.46359717195804223
2023-08-29,0.27199015151515155,132,0.44221238461668366
2023-08-30,0.2284984126984127,126,0.42390625887979083
2023-08-31,0.2604275,120,0.48946443737607986
2023-09-01,0.1858312,125,0.49695856279131856
2023-09-02,0.2024018018018018,111,0.49439975562328126
2023-09-03,0.30191048387096775,124,0.4909751954754146
2023-09-04,0.28878608695652175,115,0.5405971477177054
2023-09-05,0.29518916666666667,120,0.46357515826524204
2023-09-06,0.2583376811594203,138,0.5015603498634711
2023-09-07,0.28308181818181816,143,0.46467270347765666
2023-09-08,0.2227719696969697,132,0.4537305657629218
2023-09-09,0.21135693430656935,137,0.4750723833077533
2023-09-10,0.20384885496183205,131,0.4698443916490473
2023-09-11,0.1565194968553459,159,0.43821317820688094
2023-09-12,0.16210852713178295,129,0.4737797190597598
2023-09-13,0.1615054794520548,146,0.4508814084895192
2023-09-14,0.25787956204379564,137,0.41971042015311083
2023-09-15,0.19854675324675325,154,0.48879799430619175
2023-09-16,0.2688549180327869,122,0.45665850345445885
2023-09-17,0.2141,106,0.49702234231662545
2023-09-18,0.24852101449275366,138,0.49743753456694806
2023-09-19,0.2046244094488189,127,0.47657636702400513
2023-09-20,0.23011627906976742,129,0.46856632564643014
2023-09-21,0.21627012987012986,154,0.469243907496793
2023-09-22,0.1729762237762238,143,0.47123552571757116
2023-09-23,0.22999478260869566,115,0.4668614595666261
2023-09-24,0.2031197080291971,137,0.4631531699124104
2023-09-25,0.25978666666666667,120,0.4967809476064494
2023-09-26,0.2125231292517007,147,0.5332488401194801
2023-09-27,0.24259440000000002,125,0.4702528421316593
2023-09-28,0.31068444444444443,135,0.5160431085004873
2023-09-29,0.267681512605042,119,0.49225657857142474
2023-09-30,0.24040074074074072,135,0.4594433719343142
2023-10-01,0.1574916030534351,131,0.5535329098739876
2023-10-02,0.22902560975609756,164,0.48023246219411775
2023-10-03,0.21995735294117646,136,0.4406797943299862
2023-10-04,0.26112681159420287,138,0.4685828901019853
2023-10-05,0.25550322580645163,155,0.4958242639321036
2023-10-06,0.20059305555555557,144,0.48989915069689116
2023-10-07,0.270918,100,0.4532219859645118
2023-10-08,0.2588885245901639,122,0.44908572120608964
2023-10-09,0.25528203125,128,0.505684221349476
2023-10-10,0.25145354330708664,127,0.48301798149105635
2023-10-11,0.19535140845070423,142,0.533944097232691
2023-10-12,0.24461655629139073,151,0.45843605667246023
2023-10-13,0.11064335664335664,143,0.5657200499076613
2023-10-14,0.1882546762589928,139,0.5168711652642245
2023-10-15,0.20893655913978496,93,0.4909560003718004
2023-10-16,0.16320132450331126,151,0.46128276562744097
2023-10-17,0.18105815602836878,141,0.47501136334618776
2023-10-18,0.14379551282051284,156,0.4949579875743054
2023-10-19,0.22048034188034188,117,0.4726667323483299
2023-10-20,0.24797518248175182,137,0.465829360448687
2023-10-21,0.15144566929133857,127,0.43517635610593064
2023-10-22,0.2156290780141844,141,0.42560808272047773
2023-10-23,0.16751487603305787,242,0.472189308274049
2023-10-24,0.18033660130718954,306,0.47631535045826695
2023-10-25,0.25257450199203185,251,0.43848492998876354
2023-10-26,0.2304131067961165,206,0.45943101594552777
2023-10-27,0.2588813432835821,134,0.4828918542307299
2023-10-28,0.22000285714285714,140,0.49734188607682567
2023-10-29,0.2804194630872483,149,0.4484459735271159
2023-10-30,0.22583765432098768,162,0.4457984485976857
2023-10-31,0.15993214285714286,196,0.460491072145423
2023-11-01,0.27715317919075144,173,0.43739915682142066
2023-11-02,0.2672497076023392,171,0.5307250134734413
2023-11-03,0.17967534883720931,215,0.49677214873014625
2023-11-04,0.2401060606060606,132,0.4941006887771071
2023-11-05,0.17499212598425198,127,0.4819247083732919
2023-11-06,0.23345749999999998,200,0.4668207279071579
2023-11-07,0.23141799999999998,150,0.4637644574088281
2023-11-08,0.17713908045977012,174,0.4919077490835026
2023-11-09,0.18199493087557603,217,0.4660054669268018
2023-11-10,0.24412777777777778,198,0.44258083810758375
2023-11-11,0.26459930555555555,144,0.46174437703105164
2023-11-12,0.2242513888888889,144,0.5044496054846132
2023-11-13,0.20282333333333333,150,0.4907854643347102
2023-11-14,0.17138470588235294,170,0.5136218504001684
2023-11-15,0.25902962962962967,162,0.47142124651230544
2023-11-16,0.21366580086580086,231,0.495237326769029
2023-11-17,0.16349883720930233,172,0.4701173970575689
2023-11-18,0.22855797101449277,138,0.46174674083660344
2023-11-19,0.302522972972973,148,0.509828951587506
2023-11-20,0.2519706214689265,177,0.4148268913821959
2023-11-21,0.2763044025157233,159,0.5006367746883651
2023-11-22,0.2545122093023256,172,0.47088976127854154
2023-11-23,0.20558333333333334,180,0.49904310899647897
2023-11-24,0.28263435897435896,195,0.4517543255105581
2023-11-25,0.3211,166,0.45618163859798155
2023-11-26,0.26668362573099413,171,0.4936166179283391
2023-11-27,0.1623153439153439,189,0.43563025548893475
2023-11-28,0.2113645962732919,161,0.5035336908303578
2023-11-29,0.19099,200,0.48719181460807165
2023-11-30,0.21995857988165682,169,0.4817056002352176
2023-12-01,0.18408798076923077,208,0.4730218152272971
2023-12-02,0.19918666666666668,195,0.4857839596892933
2023-12-03,0.15187201834862385,218,0.4798455247750039
2023-12-04,0.18674579439252337,321,0.4538612850338417
2023-12-05,0.2207294117647059,323,0.43656135307861
2023-12-06,0.1843733746130031,323,0.4901360435146973
2023-12-07,0.26782469635627526,247,0.5115311055533049
2023-12-08,0.21611818181818182,220,0.45671684966048975
2023-12-09,0.28333200000000003,175,0.4549515751722641
2023-12-10,0.23694862385321103,218,0.4718850611078031
2023-12-11,0.1949455319148936,235,0.4919795547781378
2023-12-12,0.19729441860465116,215,0.4479465515581234
2023-12-13,0.185071875,224,0.45811013926643324
2023-12-14,0.2188165,200,0.48338058226859076
2023-12-15,0.193998,200,0.5111410542921734
2023-12-16,0.1520617117117117,222,0.4963515728916238
2023-12-17,0.1726653846153846,208,0.48525311961937384
2023-12-18,0.2142070093457944,214,0.46659028693933546
2023-12-19,0.29741973094170404,223,0.48503619189373276
2023-12-20,0.223652,225,0.49389977466876545
2023-12-21,0.18407148760330577,242,0.4889471018799294
2023-12-22,0.28979302325581396,215,0.5039360109928608
2023-12-23,0.25204132653061223,196,0.5206764134905773
2023-12-24,0.20412471910112362,178,0.5257406049367874
2023-12-25,0.2164045,200,0.47662572753734406
2023-12-26,0.2517384615384615,195,0.45293628384622164
2023-12-27,0.23225159817351598,219,0.4832363102990819
2023-12-28,0.19549450980392158,255,0.5130243716959175
2023-12-29,0.26844633027522935,218,0.46468994777928657
2023-12-30,0.22134374999999998,192,0.4680222537583967
2023-12-31,0.24743107344632767,177,0.49632371526633007
2024-01-01,0.2090728323699422,173,0.4678928762207155
2024-01-02,0.21869973262032086,374,0.44300992929392824
2024-01-03,0.14542179104477612,335,0.4976370608025569
2024-01-04,0.20528545454545455,275,0.4780243427582005
2024-01-05,0.25707729083665337,251,0.4740479232337496
2024-01-06,0.24748132780082988,241,0.48757188130732354
2024-01-07,0.217818992248062,258,0.44580039755791345
2024-01-08,0.1949008849557522,339,0.48517524403585344
2024-01-09,0.1945602272727273,528,0.4918986778869904
2024-01-10,0.22380766721044043,613,0.4292470163770143
2024-01-11,0.2114929955290611,671,0.47654174720737885
2024-01-12,0.21054299754299755,407,0.4879903678426949
2024-01-13,0.182563698630137,292,0.4924269774225308
2024-01-14,0.23779952830188678,212,0.4897699546554368
2024-01-15,0.24766016949152542,236,0.477787491378142
2024-01-16,0.17160272373540855,257,0.46515360865093786
2024-01-17,0.1983931914893617,235,0.47228535724855447
2024-01-18,0.17962955465587044,247,0.4791734555089993
2024-01-19,0.12368,225,0.5071290069034281
2024-01-20,0.17652439024390243,164,0.4657948040974329
2024-01-21,0.1927013157894737,152,0.48674558593655554
2024-01-22,0.1583088785046729,214,0.4631043903912759
2024-01-23,0.19286275303643724,247,0.48535154436259326
2024-01-24,0.19487454545454544,220,0.46205718308992655
2024-01-25,0.23944166666666666,204,0.4670615105735834
2024-01-26,0.15845,200,0.47136489604777615
2024-01-27,0.18029886363636363,176,0.4877223885998656
2024-01-28,0.25746627906976743,172,0.4419991616012967
2024-01-29,0.17265970149253732,201,0.48550384717107076
2024-01-30,0.17380785340314137,191,0.49303998940098726
2024-01-31,0.23547567567567568,185,0.470271117112134
2024-02-01,0.21739301075268816,186,0.4511452620436126
2024-02-02,0.19521202185792347,183,0.47740614493041267
2024-02-03,0.1300719298245614,171,0.48601441654521216
2024-02-04,0.28017844311377244,167,0.47335932136471404
2024-02-05,0.2192543352601156,173,0.4922106679884922
2024-02-06,0.21664795918367347,196,0.46902310056926677
2024-02-07,0.2158358695652174,184,0.46920421866777057
2024-02-08,0.15433383084577115,201,0.4723198283470126
2024-02-09,0.2031125,256,0.39786337156286783
2024-02-10,0.28686808510638295,188,0.44669362533152596
2024-02-11,0.13504770642201835,218,0.5016002318104716
2024-02-12,0.22875483870967742,341,0.41818896131560424
2024-02-13,0.1731768729641694,307,0.4459559141939579
2024-02-14,0.2242757894736842,380,0.4370618483166798
2024-02-15,0.2230841463414634,328,0.46900562008839336
2024-02-16,0.19691553784860558,251,0.5129375237956467
2024-02-17,0.16463584905660378,212,0.5066673089232255
2024-02-18,0.29168241206030154,199,0.46937165094336913
2024-02-19,0.2182756183745583,283,0.45547897998913056
2024-02-20,0.20281461538461537,260,0.4831345675530953
2024-02-21,0.21108160535117057,299,0.46531743559483674
2024-02-22,0.19158610038610038,259,0.47225245116940284
2024-02-23,0.20237739130434781,230,0.4377337280720494
2024-02-24,0.19733618090452262,199,0.46559436424602907
2024-02-25,0.24119035532994923,197,0.47165572271928663
2024-02-26,0.2133145569620253,316,0.4479435940718004
2024-02-27,0.2020102,500,0.4675546619163577
2024-02-28,0.15753926991150444,904,0.4538357793691105
2024-02-29,0.22469204339963833,553,0.4689284964593752
2024-03-01,0.18764410480349344,458,0.4767253845952282
2024-03-02,0.21336464646464648,396,0.48085707522880033
2024-03-03,0.2006353293413174,334,0.46597879181757274
2024-03-04,0.18236098226466577,733,0.46100436911045045
2024-03-05,0.18511545893719805,828,0.44721778385214317
2024-03-06,0.1910707753479125,503,0.4853478730655345
2024-03-07,0.2124389521640091,439,0.47765349968609017
2024-03-08,0.15008356435643563,505,0.43618118612581985
2024-03-09,0.23123593750000002,384,0.4939712779148833
2024-03-10,0.22419999999999998,440,0.46819349775916735
2024-03-11,0.2029830508474576,708,0.47798653274248487
2024-03-12,0.19905071283095724,491,0.4782880147735477
2024-03-13,0.17415907407407408,540,0.46925115717224375
2024-03-14,0.2068810101010101,495,0.4795139536065986
2024-03-15,0.17455370786516855,445,0.4765929913760676
2024-03-16,0.19006625386996903,323,0.45956437272436385
2024-03-17,0.20662362459546926,309,0.4760291134743036
2024-03-18,0.2476033434650456,329,0.4469764344415757
2024-03-19,0.1641219696969697,396,0.4694356109278992
2024-03-20,0.23008386167146974,347,0.46774164151485326
2024-03-21,0.1977779411764706,272,0.46646823445456076
2024-03-22,0.16673745454545455,275,0.4831025876161089
2024-03-23,0.18454122448979593,245,0.47259897980381765
2024-03-24,0.18919631147540983,244,0.4717111059930676
2024-03-25,0.221048115942029,345,0.4931872328941149
2024-03-26,0.2071179211469534,279,0.4559444490427854
2024-03-27,0.27089060402684567,298,0.44564838011519464
2024-03-28,0.16643680781758957,307,0.48013137912706405
2024-03-29,0.16177053941908714,241,0.4733595141857027
2024-03-30,0.23506798245614036,228,0.4576365542157903
2024-03-31,0.20903877551020408,245,0.4725708468077488
2024-04-01,0.2246710843373494,249,0.4688630349382225
2024-04-02,0.21757010676156582,281,0.4559043668080307
2024-04-03,0.13607393162393164,234,0.4568452309323998
2024-04-04,0.21965853658536585,287,0.4665487877882249
2024-04-05,0.150175390625,256,0.4936244298104877
2024-04-06,0.22857898305084748,295,0.43985667683397156
2024-04-07,0.24213816793893128,262,0.45171633038371306
2024-04-08,0.21236338983050848,295,0.46634694051451153
2024-04-09,0.23925100401606428,249,0.48092806182861686
2024-04-10,0.19274315352697094,241,0.4759142923153431
2024-04-11,0.2613377880184332,217,0.4617554482931606
2024-04-12,0.1741531914893617,282,0.49719204264283867
2024-04-13,0.1881827242524917,301,0.46968064927198533
2024-04-14,0.18859655172413795,261,0.4918586345802426
2024-04-15,0.20722956204379564,274,0.4386826861026708
2024-04-16,0.1916326530612245,245,0.43719770108161277
2024-04-17,0.19984612794612797,297,0.5050634934598173
2024-04-18,0.23010175438596495,285,0.4384911672594067
2024-04-19,0.1991576419213974,458,0.47208915088749337
2024-04-20,0.19630236686390534,507,0.4476681840362786
2024-04-21,0.16060814814814817,270,0.45225948822741713
2024-04-22,0.24405637860082305,243,0.4393501441489358
2024-04-23,0.2337656779661017,236,0.4340100063166087
2024-04-24,0.15755458937198066,207,0.48236749623395037
2024-04-25,0.22409814814814816,216,0.46174593436600103
2024-04-26,0.1624256038647343,207,0.46500859744792145
2024-04-27,0.15855833333333333,168,0.5029760795274923
2024-04-28,0.1621745341614907,161,0.47694802472065856
2024-04-29,0.1851046511627907,172,0.41202655365147595
2024-04-30,0.17206637554585152,229,0.5011877462373481
2024-05-01,0.13717354085603112,257,0.49236076569326087
2024-05-02,0.24991485714285716,175,0.45828816927762367
2024-05-03,0.20956855895196505,229,0.4885161556775804
2024-05-04,0.2390299492385787,197,0.4799913990157315
2024-05-05,0.2273448484848485,165,0.5012150571003965
2024-05-06,0.1668489247311828,186,0.4571275463669699
2024-05-07,0.1141336956521739,184,0.42803838262529115
2024-05-08,0.17212486187845305,181,0.41650532888495456
2024-05-09,0.24980114285714286,175,0.4596679911280009
2024-05-10,0.15237225806451613,155,0.4471995621433809
2024-05-11,0.24778721804511278,133,0.4478741641140271
2024-05-12,0.2148848275862069,145,0.4476501964473044
2024-05-13,0.2110965714285714,175,0.45449577579782
2024-05-14,0.14199397590361446,166,0.4662781632665719
2024-05-15,0.17017837837837838,185,0.4500953813982672
2024-05-16,0.21039109947643977,191,0.43684729678668893
2024-05-17,0.2106677777777778,180,0.4563300691698428
2024-05-18,0.17790714285714285,140,0.3996188118304197
2024-05-19,0.2487560975609756,164,0.43009949857474605
2024-05-20,0.19021463414634146,164,0.41909555570919965
2024-05-21,0.21195714285714287,210,0.4152498329926335
2024-05-22,0.2645388059701492,201,0.44967517363822435
2024-05-23,0.24125644171779143,163,0.4863227013836468
2024-05-24,0.19584260355029587,169,0.48748274470838376
2024-05-25,0.22421276595744682,141,0.4578898733555707
2024-05-26,0.22567434210526316,152,0.4336501689984821
2024-05-27,0.18041776315789473,152,0.46388908486820873
2024-05-28,0.20597329192546585,161,0.4169734327205037
2024-05-29,0.12012058823529413,136,0.45425184026902904
2024-05-30,0.21159615384615385,156,0.4500374170658537
2024-05-31,0.1429075581395349,172,0.44184707603141515
2024-06-01,0.09960650406504065,123,0.426393460208022
2024-06-02,0.21901614906832298,161,0.4715414976304606
2024-06-03,0.21217987012987014,154,0.44954107366557866
2024-06-04,0.19248623188405797,138,0.4397707103619647
2024-06-05,0.2302971264367816,174,0.4385482731818357
2024-06-06,0.18720722891566266,166,0.4357280115721712
2024-06-07,0.1831896907216495,194,0.4131004463242223
2024-06-08,0.16711753246753247,154,0.4924505375292282
2024-06-09,0.20601232876712328,146,0.445092591667507
2024-06-10,0.2437988304093567,171,0.4204999134067623
2024-06-11,0.1711705882352941,187,0.45969968053157817
2024-06-12,0.20933366834170855,199,0.46828002761676496
2024-06-13,0.16632085889570553,163,0.4430627692138613
2024-06-14,0.13382516129032257,155,0.46264456815218363
2024-06-15,0.2354871212121212,132,0.45537701658894775
2024-06-16,0.22851056910569106,123,0.43613003810019774
2024-06-17,0.25025590551181104,127,0.49772666937318544
2024-06-18,0.1897265306122449,147,0.47147789374614973
2024-06-19,0.14778267716535434,127,0.45859578599855566
2024-06-20,0.24232905405405405,148,0.40638026765485935
2024-06-21,0.21155827338129496,139,0.49431853045442303
2024-06-22,0.19841150442477876,113,0.4979145386639107
2024-06-23,0.1993296875,128,0.44510815342517696
2024-06-24,0.14984060606060606,165,0.4642489716416851
2024-06-25,0.2032965317919075,173,0.4862230085646597
2024-06-26,0.10165579710144927,138,0.5225310881706795
2024-06-27,0.21223266666666668,150,0.47349531318724875
2024-06-28,0.2115825396825397,126,0.47309695345954034
2024-06-29,0.1802729927007299,137,0.46660764527908205
2024-06-30,0.30380353982300884,113,0.432575213924288
2024-07-01,0.2921408759124087,137,0.41071552351725227
2024-07-02,0.20428064516129033,124,0.4088613082433238
2024-07-03,0.21528169934640523,153,0.4681498901664751
2024-07-04,0.13303009708737865,206,0.4555787360580861
2024-07-05,0.12451576576576577,222,0.5099720746272656
2024-07-06,0.2230820143884892,139,0.4774261928316354
2024-07-07,0.15936592592592594,135,0.46166711906989105
2024-07-08,0.14713727810650887,169,0.4448029347974808
2024-07-09,0.23012878787878788,132,0.46668275566181705
2024-07-10,0.23384166666666667,120,0.4917178320099106
2024-07-11,0.17860419161676647,167,0.47432959771817
2024-07-12,0.14412116788321166,137,0.46776078278995675
2024-07-13,0.20564677419354838,124,0.4367402743339363
2024-07-14,0.22358333333333336,132,0.47059250117575174
2024-07-15,0.2063906832298137,161,0.46044257877628486
2024-07-16,0.1836377142857143,175,0.43168070716360984
2024-07-17,0.22001684782608696,184,0.45568700622038466
2024-07-18,0.23565839416058396,137,0.49595187142598
2024-07-19,0.24116524822695035,141,0.49159509659675577
2024-07-20,0.19180746268656718,134,0.4829259627601308
2024-07-21,0.24890718954248364,153,0.46290962743461567
2024-07-22,0.23233502538071069,197,0.467508050178015
2024-07-23,0.1908433962264151,159,0.4749610352477164
2024-07-24,0.13924516129032258,186,0.43672001012860695
2024-07-25,0.3059779411764706,136,0.47438962572055193
2024-07-26,0.16343815028901734,173,0.4321565645999042
2024-07-27,0.16387201834862386,218,0.46894636934730416
2024-07-28,0.14553058823529413,170,0.4507629818478726
2024-07-29,0.1406225988700565,177,0.49783071094410875
2024-07-30,0.17238969696969697,165,0.5052648862923579
2024-07-31,0.17983576158940398,151,0.48727386048564386
2024-08-01,0.202271511627907,172,0.4600055902940695
2024-08-02,0.18468827586206898,145,0.5157701445550797
2024-08-03,0.1816695652173913,138,0.5031111527879933
2024-08-04,0.18168197674418607,172,0.47671701754758183
2024-08-05,0.09716771653543306,381,0.4789737563762136
2024-08-06,0.19385269461077842,167,0.45955874866181257
2024-08-07,0.1592490909090909,165,0.4556120692391319
2024-08-08,0.19913290322580646,155,0.5011906809943122
2024-08-09,0.213841975308642,162,0.5086027009559392
2024-08-10,0.16522535211267605,142,0.46768040618721174
2024-08-11,0.20314883720930232,129,0.5017831321765596
2024-08-12,0.1317214765100671,149,0.4319120355205846
2024-08-13,0.1610295081967213,183,0.4523013394319704
2024-08-14,0.19834910179640716,167,0.4588460897517964
2024-08-15,0.22280355029585802,169,0.4756848893079238
2024-08-16,0.15611702127659574,188,0.46399585931637094
2024-08-17,0.23744878048780488,123,0.4595064396640844
2024-08-18,0.18645736434108529,129,0.4295366973145298
2024-08-19,0.160558125,160,0.4680672282079237
2024-08-20,0.19473061224489796,147,0.47267766806999506
2024-08-21,0.22603485714285715,175,0.5042821177057214
2024-08-22,0.1957397590361446,166,0.4718408131511019
2024-08-23,0.23344758620689654,145,0.4432780383879285
2024-08-24,0.25092611464968156,157,0.4641211822505556
2024-08-25,0.1478246153846154,130,0.4966032962113628
2024-08-26,0.2458265734265734,143,0.48284200897074836
2024-08-27,0.25444062500000003,160,0.46978993021126875
2024-08-28,0.19332424242424243,165,0.4719291084825257
2024-08-29,0.20815398773006133,163,0.4754023006230655
2024-08-30,0.175498,150,0.43433900941159365
2024-08-31,0.23349615384615385,104,0.4542984380986247
2024-09-01,0.19372535211267605,142,0.451090578320104
2024-09-02,0.18772824427480916,131,0.49692665428067545
2024-09-03,0.1671120481927711,166,0.48169739096244024
2024-09-04,0.1522281045751634,153,0.428202134151359
2024-09-05,0.1830484662576687,163,0.4447342970608418
2024-09-06,0.19460853658536587,164,0.45639027096979407
2024-09-07,0.18132058823529412,136,0.525047561036867
2024-09-08,0.19555039999999999,125,0.49802576232495716
2024-09-09,0.23611764705882352,153,0.4470740848941044
2024-09-10,0.18476887417218543,151,0.4193441056674785
2024-09-11,0.14207698412698413,126,0.40305480781902575
2024-09-12,0.1847674698795181,166,0.47945899742116144
2024-09-13,0.17784933333333333,150,0.40613233697131373
2024-09-14,0.13644384615384617,130,0.38030566918743164
2024-09-15,0.20812410714285715,112,0.495180553156544
2024-09-16,0.19568629032258064,124,0.5126055250210062
2024-09-17,0.134861875,160,0.4434975454431201
2024-09-18,0.166159477124183,153,0.4227353603923387
2024-09-19,0.18579625,160,0.46127580637358107
2024-09-20,0.1326048780487805,164,0.4699418821663969
2024-09-21,0.1520657894736842,114,0.4319100565637198
2024-09-22,0.23566474820143882,139,0.3915356166565496
2024-09-23,0.14614166666666667,132,0.4003144014476138
2024-09-24,0.2067939024390244,164,0.43809229574884506
2024-09-25,0.16300185185185184,162,0.43957857747272777
2024-09-26,0.22917041420118342,169,0.4849271476461513
2024-09-27,0.14703445945945945,148,0.44202829713846875
2024-09-28,0.21292785714285714,140,0.4502946884925289
2024-09-29,0.2017617391304348,115,0.42749434275165343
2024-09-30,0.19779754601226993,163,0.4424741741715052
2024-10-01,0.17876309523809525,168,0.45362819096245666
2024-10-02,0.17391627906976745,129,0.4563364121577924
2024-10-03,0.1608864705882353,170,0.4672288914812599
2024-10-04,0.1434161290322581,155,0.4034489912050826
2024-10-05,0.15439117647058823,136,0.4073392382679083
2024-10-06,0.24456,125,0.46526120065905946
2024-10-07,0.23330357142857144,140,0.4142719020595942
2024-10-08,0.2015086956521739,161,0.41220730682377893
2024-10-09,0.1456364705882353,170,0.4481737037368406
2024-10-10,0.1775341935483871,155,0.45776324559537784
2024-10-11,0.17511146496815286,157,0.44449276189892273
2024-10-12,0.1094860465116279,129,0.49585272286489374
2024-10-13,0.21778823529411762,153,0.49381863466218906
2024-10-14,0.14506832298136646,161,0.44345795395707477
2024-10-15,0.2119659340659341,182,0.46544127501819094
2024-10-16,0.1796561797752809,178,0.45065679011385024
2024-10-17,0.22793227848101266,158,0.4845795999592703
2024-10-18,0.1122909090909091,154,0.42563856255030175
2024-10-19,0.2704563025210084,119,0.4936407507349983
2024-10-20,0.2230452380952381,126,0.43173689184171293
2024-10-21,0.146475,180,0.44937523990871675
2024-10-22,0.21546296296296294,189,0.43592414697838633
2024-10-23,0.15746918238993712,159,0.4468833440151781
2024-10-24,0.21033093922651933,181,0.4482919298523894
2024-10-25,0.2644107594936709,158,0.4311289662644877
2024-10-26,0.20667857142857143,98,0.43126775361633324
2024-10-27,0.10362561983471075,121,0.42100860235251847
2024-10-28,0.17022865168539325,178,0.414626862023152
2024-10-29,0.12761187499999999,320,0.39810843458693934
2024-10-30,0.2015483870967742,186,0.40842562897397844
2024-10-31,0.16258622222222222,225,0.4585879144726744
2024-11-01,0.20144935064935066,154,0.4857721093830702
2024-11-02,0.23530852713178296,129,0.47214733515989993
2024-11-03,0.1744780701754386,114,0.4360630103366409
2024-11-04,0.1704092485549133,173,0.43214342422396457
2024-11-05,0.21383684210526316,171,0.41945524011294016
2024-11-06,0.19102437673130193,361,0.4095797969514502
2024-11-07,0.23152534562211982,217,0.46067683906299195
2024-11-08,0.23011471861471863,231,0.4481395210246021
2024-11-09,0.22937570621468925,177,0.4508023783762022
2024-11-10,0.170321914893617,470,0.4225319530549164
2024-11-11,0.18070185185185184,864,0.4207173626735266
2024-11-12,0.18499670329670329,637,0.4726903104528724
2024-11-13,0.18121525704809288,603,0.44384469033165963
2024-11-14,0.20152200488997554,409,0.46632803437285336
2024-11-15,0.19074018691588787,321,0.4632611253102454
2024-11-16,0.22317132867132866,286,0.47589266423934806
2024-11-17,0.22101014492753623,276,0.49932824922942654
2024-11-18,0.2978029739776952,269,0.4780448194407169
2024-11-19,0.17755220588235293,408,0.453979196662681
2024-11-20,0.22123659793814432,388,0.44385241087151744
2024-11-21,0.16575506756756755,888,0.45181362875248615
2024-11-22,0.1872923180592992,742,0.43410576919431826
2024-11-23,0.19624164810690423,449,0.45696318699215543
2024-11-24,0.2215614361702128,376,0.4721471969088296
2024-11-25,0.1907984536082474,388,0.462644988710564
2024-11-26,0.21573211678832116,411,0.4800247877645852
2024-11-27,0.24841808219178083,365,0.43823682988509827
2024-11-28,0.255243870967742,310,0.4431709725933869
2024-11-29,0.21461153846153844,312,0.4777628102824077
2024-11-30,0.2384652329749104,279,0.4507707426397585
2024-12-01,0.22014036363636363,275,0.4500773013166198
2024-12-02,0.1585601851851852,324,0.4439770759303553
2024-12-03,0.156182874617737,327,0.44242879515869693
2024-12-04,0.1919454794520548,365,0.4366796616937022
2024-12-05,0.15947883755588674,1342,0.4076878721008949
2024-12-06,0.24216646825396826,504,0.46685371373318707
2024-12-07,0.19420940860215055,372,0.49835684434426136
2024-12-08,0.2460962962962963,351,0.4632850765231926
2024-12-09,0.23042035398230087,339,0.46873474826330114
2024-12-10,0.17779122807017544,399,0.44891556256137366
2024-12-11,0.1836888311688312,385,0.4496991075695957
2024-12-12,0.1998491758241758,364,0.4952540478104113
2024-12-13,0.2106797583081571,331,0.48107201254666554
2024-12-14,0.19683993174061434,293,0.46349456877460493
2024-12-15,0.23275070093457945,428,0.4385082756858082
2024-12-16,0.20195080971659918,494,0.45459492486089415
2024-12-17,0.21754263157894738,380,0.45414389281473255
2024-12-18,0.18249970414201183,338,0.4637627587564654
2024-12-19,0.18568317073170731,410,0.4703412232550962
2024-12-20,0.13741150895140664,391,0.48753844334472685
2024-12-21,0.21998206278026905,223,0.4807442911367649
2024-12-22,0.14790042194092826,237,0.47434360771258144
2024-12-23,0.2275590909090909,242,0.47938117979267714
2024-12-24,0.21625669291338584,254,0.46554099407943295
2024-12-25,0.26290036900369,271,0.4465919953751933
2024-12-26,0.2391084677419355,248,0.49973986201332005
2024-12-27,0.1674644366197183,284,0.46048176228281607
2024-12-28,0.27575473251028804,243,0.5029611604628357
2024-12-29,0.19889390681003583,279,0.48172417075475676
2024-12-30,0.24579080882352938,272,0.46785551971969364
2024-12-31,0.17570972762645914,257,0.5067176954031615
2025-01-01,0.2773873831775701,214,0.4634570191715853
2025-01-02,0.21617648902821318,319,0.43518419895960403
2025-01-03,0.24539682539682542,252,0.47525302481882586
2025-01-04,0.2537567272727273,275,0.47044730359138365
2025-01-05,0.27311123595505615,267,0.45960662473177966
2025-01-06,0.18551921824104234,307,0.459830142185277
2025-01-07,0.200531906614786,257,0.4613699713487715
2025-01-08,0.2217090909090909,286,0.4367377045593064
2025-01-09,0.15829389830508475,295,0.4610717273763074
2025-01-10,0.1865126530612245,245,0.458935773082306
2025-01-11,0.18250368663594468,217,0.467156847902181
2025-01-12,0.27837669902912626,206,0.41644692027392377
2025-01-13,0.10363655913978495,279,0.45373210461608393
2025-01-14,0.1356710407239819,221,0.44054097794468283
2025-01-15,0.230392578125,256,0.4610883914064609
2025-01-16,0.16830034965034965,286,0.49995635897253105
2025-01-17,0.14569573770491803,305,0.45409316132199623
2025-01-18,0.1974175965665236,233,0.4310661310067111
2025-01-19,0.17494075471698112,265,0.41527284148884097
2025-01-20,0.11331924119241192,369,0.39810563888281214
2025-01-21,0.18632932862190812,283,0.4099848979512897
2025-01-22,0.21165046439628485,323,0.4432463654197947
2025-01-23,0.17872888888888888,360,0.4145741473125549
2025-01-24,0.19938443708609271,302,0.45066849576961804
2025-01-25,0.2045184210526316,228,0.4562930050343869
2025-01-26,0.2405780821917808,219,0.42534800848804455
2025-01-27,0.1670217665615142,317,0.44120264302765805
2025-01-28,0.201008,225,0.43489982541960165
2025-01-29,0.1484240663900415,241,0.43114452768384853
2025-01-30,0.2147570945945946,296,0.45009470237055477
2025-01-31,0.13919866071428572,224,0.3983940360188865
2025-02-01,0.13355990566037734,212,0.4274532837710176
2025-02-02,0.1578952205882353,272,0.47403335015792275
2025-02-03,0.19081820580474934,379,0.4448572270352024
2025-02-04,0.15717044534412955,247,0.456076396281284
2025-02-05,0.19249536679536677,259,0.4480124340503525
2025-02-06,0.18752344322344322,273,0.46373636189698725
2025-02-07,0.16648266666666664,225,0.4712542266881312
2025-02-08,0.20610439024390245,205,0.4688854649542221
2025-02-09,0.1817702325581395,215,0.45416209234050414
2025-02-10,0.1912966346153846,208,0.44762203597462524
2025-02-11,0.21999871794871795,234,0.4630044301719631
2025-02-12,0.23483333333333334,225,0.46365795986912595
2025-02-13,0.2105842105263158,228,0.43066095152462625
2025-02-14,0.174079203539823,226,0.4445244313858558
2025-02-15,0.19536530612244898,196,0.476615517162858
2025-02-16,0.1890028409090909,176,0.42545511422529
2025-02-17,0.22482244094488188,254,0.4311751808824783
2025-02-18,0.21241428571428572,231,0.41146002829192
2025-02-19,0.20858932038834951,206,0.430720301505852
2025-02-20,0.20698833333333333,180,0.43829736930689045
2025-02-21,0.20382,220,0.4472752105092267
2025-02-22,0.14056198830409358,171,0.4622916848695776
2025-02-23,0.17229045226130654,199,0.4931216091118163
2025-02-24,0.23126532258064517,248,0.480548773941561
2025-02-25,0.1452563829787234,376,0.4589100685891326
2025-02-26,0.16634019607843137,306,0.4852417524086495
2025-02-27,0.12740227272727273,264,0.49022352331207364
2025-02-28,0.1388562827225131,382,0.4504191765960494
2025-03-01,0.18414031413612567,191,0.4875858289874456
2025-03-02,0.19071671732522796,329,0.4181756957237823
2025-03-03,0.14077918215613383,269,0.4512949664345697
2025-03-04,0.1968267441860465,258,0.4494689734294679
2025-03-05,0.1783188596491228,228,0.40576606804604615
2025-03-06,0.17686666666666667,261,0.4461412572096594
2025-03-07,0.12106551724137932,348,0.3821773585518185
2025-03-08,0.21343073170731708,205,0.4459002061065173
2025-03-09,0.2280634980988593,263,0.48060839746716955
2025-03-10,0.14306146496815286,314,0.4555264621419759
2025-03-11,0.18491538461538462,247,0.4496623302276566
2025-03-12,0.14616322869955156,223,0.4405817741610084
2025-03-13,0.22230967741935484,186,0.46203423613981326
2025-03-14,0.13496532663316582,199,0.48239831006053635
2025-03-15,0.17178285714285715,175,0.44638511997670516
2025-03-16,0.1529343023255814,172,0.4755877327124072
2025-03-17,0.1476737089201878,213,0.431074050421767
2025-03-18,0.14556000000000002,220,0.4362457662025848
2025-03-19,0.22654610778443113,167,0.4719844192533181
2025-03-20,0.20066296296296296,189,0.4946641764376603
2025-03-21,0.16395721153846152,208,0.44440341668278927
2025-03-22,0.1884913043478261,184,0.4564045311988431
2025-03-23,0.27446296296296296,162,0.44590386172272706
2025-03-24,0.2104659090909091,220,0.460510280671553
2025-03-25,0.19791038961038962,231,0.4463040239619515
2025-03-26,0.21055764705882354,170,0.45867076017874925
2025-03-27,0.3183074829931973,147,0.42757154878123377
2025-03-28,0.17974120603015076,199,0.4135174774445133
2025-03-29,0.20927542857142856,175,0.44978245114532023
2025-03-30,0.19446719999999998,125,0.4938931133182824
2025-03-31,0.09791886792452831,159,0.4488096250250945
2025-04-01,0.13925304878048783,164,0.4504320632573571
2025-04-02,0.22649435028248588,177,0.48882831826790335
2025-04-03,0.1490982857142857,175,0.46867105360934885
2025-04-04,0.11402954545454547,176,0.45728794496224395
2025-04-05,0.23932206896551725,145,0.4837271502598003
2025-04-06,0.14561029411764706,204,0.4146099451801387
2025-04-07,0.13678893129770994,262,0.48028245815229936
2025-04-08,0.15421954022988504,174,0.43848615834602933
2025-04-09,0.1724461883408072,223,0.462233829882299
2025-04-10,0.2694067901234568,162,0.46143696057765937
2025-04-11,0.23192638036809818,163,0.45441087037459305
2025-04-12,0.27061639344262295,122,0.4617636101187061
2025-04-13,0.21024251968503938,127,0.4483236473585823
2025-04-14,0.1776507042253521,142,0.47163105512955894
2025-04-15,0.15284329268292682,164,0.4606593258522106
2025-04-16,0.15775397727272727,176,0.4772792038043255
2025-04-17,0.1686156069364162,173,0.47343712438229796
2025-04-18,0.27411298701298703,154,0.4727064056833014
2025-04-19,0.18566,140,0.4594842857945049
2025-04-20,0.17845486725663717,113,0.43684844176195514
2025-04-21,0.23403374233128835,163,0.4644789502361239
2025-04-22,0.20006747967479674,246,0.46729274091689255
2025-04-23,0.18450994764397904,191,0.4301580568208528
2025-04-24,0.14347500000000002,180,0.4326708833306476
2025-04-25,0.2509427807486631,187,0.45742115577590614
2025-04-26,0.21655244755244754,143,0.512297181143277
2025-04-27,0.2581941860465116,172,0.43890650747645743
2025-04-28,0.24613606557377052,183,0.46769578612860874
2025-04-29,0.20897142857142856,196,0.39959723042596607
2025-04-30,0.1556196629213483,178,0.49342030971633455
2025-05-01,0.16239444444444442,216,0.4988040063122773
2025-05-02,0.1755471153846154,208,0.4742919721762808
2025-05-03,0.17855680473372781,169,0.4412430994649591
2025-05-04,0.20207712418300652,153,0.4342975498156602
2025-05-05,0.2018573033707865,178,0.48324862859273054
2025-05-06,0.14887637362637363,182,0.45127119082737244
2025-05-07,0.2302463157894737,190,0.5007081348012992
2025-05-08,0.17152287390029325,341,0.4322551493300046
2025-05-09,0.2539793991416309,233,0.4658755564984504
2025-05-10,0.15686111111111112,198,0.4699852777182021
2025-05-11,0.18775697674418604,172,0.4632497435744576
2025-05-12,0.22316666666666668,237,0.4307624826617641
2025-05-13,0.23642447916666667,192,0.4786842324787928
2025-05-14,0.1796318918918919,185,0.48147280997904623
2025-05-15,0.22201063829787235,188,0.4569468370224606
2025-05-16,0.19210833333333333,168,0.48182637223800007
2025-05-17,0.17087656250000002,192,0.4648020577657818
2025-05-18,0.17998549222797927,193,0.4744553634134212
2025-05-19,0.21170585585585586,222,0.4707806472645802
2025-05-20,0.24234827586206897,232,0.4466493689516343
2025-05-21,0.24794444444444447,360,0.4290040822503141
2025-05-22,0.22065731132075472,424,0.4584120157796843
2025-05-23,0.15558521739130435,230,0.4483857637603648
2025-05-24,0.219675,196,0.4426856806282911
2025-05-25,0.22474323144104805,229,0.5081925396709708
2025-05-26,0.258945,200,0.48401569472352174
2025-05-27,0.21349230769230768,247,0.4631808626508157
2025-05-28,0.20520387596899226,258,0.449123831840764
2025-05-29,0.20518257575757576,264,0.4733393247441349
2025-05-30,0.15636650485436893,206,0.45714068357554843
2025-05-31,0.17132439024390245,164,0.47375331484628863
2025-06-01,0.16423011363636364,176,0.4632789098242947
2025-06-02,0.2300747191011236,178,0.47038702790779857
2025-06-03,0.1846539603960396,202,0.47328659173862153
2025-06-04,0.2494125,200,0.46733474546124504
2025-06-05,0.20691173913043479,230,0.48436564817084904
2025-06-06,0.15580051020408162,196,0.4418804350984723
2025-06-07,0.19759194630872484,149,0.47020400223571424
2025-06-08,0.242459649122807,171,0.47679702508188426
2025-06-09,0.17788944954128438,218,0.4373222167059208
2025-06-10,0.20882152466367712,223,0.47195690155139086
2025-06-11,0.21583584905660377,159,0.47625910952223643
2025-06-12,0.2048867816091954,174,0.4349474587869079
2025-06-13,0.24694295774647887,142,0.48970987740504995
2025-06-14,0.180108024691358,162,0.47341609880316887
2025-06-15,0.2229489932885906,149,0.4812192018390106
2025-06-16,0.22143670212765956,188,0.4916440167783857
2025-06-17,0.2727182389937107,159,0.44830248799352324
2025-06-18,0.25051135135135133,185,0.5286725985395248
2025-06-19,0.22920000000000001,184,0.4793997661010119
2025-06-20,0.18242515723270442,159,0.49083641593835453
2025-06-21,0.16758588957055215,163,0.4277572251739947
2025-06-22,0.2479470873786408,206,0.4541799349739469
2025-06-23,0.17528954248366013,153,0.476386129482802
2025-06-24,0.23260416666666664,144,0.45754360331400823
2025-06-25,0.23667486033519555,179,0.47906078991278583
2025-06-26,0.20687363636363637,220,0.45843839463576147
2025-06-27,0.21053440860215053,186,0.5032745001341951
2025-06-28,0.1011892857142857,140,0.48777211091506284
2025-06-29,0.1859700729927007,137,0.4820874286653828
2025-06-30,0.18888210526315788,190,0.4478541821409653
2025-07-01,0.19699593023255813,172,0.5267106348910344
2025-07-02,0.22626878048780488,205,0.47556090391693245
2025-07-03,0.24084425287356323,174,0.4794648212863719
2025-07-04,0.21537263157894737,190,0.4894407970839588
2025-07-05,0.1831668674698795,166,0.5054568499868339
2025-07-06,0.14624518072289158,166,0.4924964943185156
2025-07-07,0.18845875706214688,177,0.45601571561913107
2025-07-08,0.22585454545454545,176,0.49513121017918715
2025-07-09,0.14814766839378238,193,0.4801480203706868
2025-07-10,0.16221171171171173,333,0.4204721228540156
2025-07-11,0.156831220657277,426,0.4651786017403366
2025-07-12,0.2156523076923077,195,0.49718636462329446
2025-07-13,0.1481906474820144,278,0.43620489685717495
2025-07-14,0.1778373358348968,533,0.44787912890749226
2025-07-15,0.18594850498338872,301,0.4655092991975822
2025-07-16,0.1945969696969697,264,0.4601121527091305
2025-07-17,0.25308185185185184,270,0.45175989971758285
2025-07-18,0.24131976744186046,258,0.46448214161590906
2025-07-19,0.22573179723502304,217,0.465162868383907
2025-07-20,0.20436621621621623,222,0.4483330773208769
2025-07-21,0.20490755395683455,278,0.4446078693904993
2025-07-22,0.13443675889328063,253,0.47330529346919564
2025-07-23,0.1911235294117647,204,0.45577261986652307
2025-07-24,0.1947076595744681,235,0.47034391230089934
2025-07-25,0.22291361867704282,257,0.4520195300603665
2025-07-26,0.19463409090909092,176,0.4784042561651004
2025-07-27,0.2193984693877551,196,0.46274328314974966
2025-07-28,0.22811189427312775,227,0.47712332749160496
2025-07-29,0.21037610619469027,226,0.44438494849485044
2025-07-30,0.21814239631336405,217,0.4776965476326547
2025-07-31,0.191266,200,0.46361453420447035
2025-08-01,0.10953544303797469,237,0.435611123917699
2025-08-02,0.19900400000000001,200,0.474146668235679
2025-08-03,0.27333875598086127,209,0.447555618890399
2025-08-04,0.21782281553398056,206,0.4817081440182401
2025-08-05,0.21220388349514563,206,0.42849707615983534
2025-08-06,0.225544776119403,201,0.4293213672589272
2025-08-07,0.18329573643410854,258,0.46392549383914183
2025-08-08,0.1384328502415459,207,0.4597774364315256
2025-08-09,0.21112380952380955,168,0.46731000907257764
2025-08-10,0.25727421383647797,159,0.47271709850283744
2025-08-11,0.24033674242424244,264,0.4453858409874358
2025-08-12,0.2768053475935829,187,0.44608208207654354
2025-08-13,0.08074652014652015,273,0.48926758850224483
2025-08-14,0.18690033333333333,300,0.42414991563873183
2025-08-15,0.2344650485436893,206,0.4427283360627874
2025-08-16,0.2765494318181818,176,0.4436216089026656
2025-08-17,0.24505207100591717,169,0.4976301966617521
2025-08-18,0.22002233009708735,206,0.46822391254550677
2025-08-19,0.2149923076923077,208,0.4417492677896779
2025-08-20,0.19404570135746604,221,0.4491670634145358
2025-08-21,0.1858900497512438,201,0.48790694481683433
2025-08-22,0.17729999999999999,219,0.4740780112322708
2025-08-23,0.19348055555555554,144,0.46442767098581844
2025-08-24,0.14095027322404372,183,0.4792780462222157
2025-08-25,0.20884633027522936,218,0.48255434698853444
2025-08-26,0.14958520179372198,223,0.4552420333450885
2025-08-27,0.24958138297872343,188,0.4214332366663325
2025-08-28,0.24900567010309277,194,0.45190870383276294
2025-08-29,0.18648358974358975,195,0.46505833802927593
2025-08-30,0.23785353535353534,198,0.4651589229681394
2025-08-31,0.13090469798657717,149,0.45592829514696454
2025-09-01,0.16008443113772455,167,0.43633698952856276
2025-09-02,0.15968,160,0.48974198839283595
2025-09-03,0.1528211111111111,180,0.47783695449657043
2025-09-04,0.18522786069651742,201,0.43730511010037426
2025-09-05,0.2594675392670157,191,0.5115079968441276
2025-09-06,0.225025,148,0.5176375162353342
2025-09-07,0.13367837837837837,148,0.48589372491346056
2025-09-08,0.1629656565656566,198,0.4404515312760008
2025-09-09,0.2811901639344262,183,0.43606585929075425
2025-09-10,0.17048909090909092,165,0.43773348487716257
2025-09-11,0.18193376623376625,154,0.4331003523344893
2025-09-12,0.15798515625,128,0.4376004196275903
2025-09-13,0.1826141592920354,113,0.504955789413301
2025-09-14,0.2282266233766234,154,0.4775227136974957
2025-09-15,0.1996297142857143,175,0.3827779903763859
2025-09-16,0.24302586206896554,174,0.4656960444958484
2025-09-17,0.22654790697674418,215,0.44563656012745884
2025-09-18,0.20027844036697248,218,0.44559723361143594
2025-09-19,0.22655454545454548,154,0.4883414130484513
2025-09-20,0.17876883116883116,154,0.44761203870326033
2025-09-21,0.23963120000000002,125,0.44420792944658893
2025-09-22,0.181074358974359,156,0.44593501882641556
2025-09-23,0.3009335106382979,188,0.45136031363124884
2025-09-24,0.16384256756756757,148,0.4293814695663614
2025-09-25,0.2402694610778443,167,0.5031224149480938
2025-09-26,0.24145090909090908,165,0.4799560759397526
2025-09-27,0.17156747967479677,123,0.4377014989835521
2025-09-28,0.16827422680412374,97,0.45988953956320455
2025-09-29,0.2392778523489933,149,0.4697402132584703
2025-09-30,0.2601344155844156,154,0.46196398119218907
2025-10-01,0.22989801980198019,202,0.4391672837093359
2025-10-02,0.23004886877828054,221,0.46284534031956365
2025-10-03,0.23076221198156682,217,0.44881386747685154
2025-10-04,0.19599760479041917,167,0.485796197407838
2025-10-05,0.20842767857142858,224,0.4506849440374404
2025-10-06,0.25971321585903084,227,0.47100038489148915
2025-10-07,0.2211910891089109,202,0.4579003938265063
2025-10-08,0.2126586021505376,186,0.4475497485935429
2025-10-09,0.2040514450867052,173,0.4761185557614209
2025-10-10,0.11048900709219858,282,0.4622997664697811
2025-10-11,0.10450512820512821,273,0.45012833877757974
2025-10-12,0.12189082969432315,229,0.44720433842961943
2025-10-13,0.1876724867724868,189,0.4916960630185399
2025-10-14,0.11599752475247524,202,0.45980688044795026
2025-10-15,0.16509343434343432,198,0.4394773872636272
2025-10-16,0.190975,232,0.4602910037322945
2025-10-17,0.09272288401253918,319,0.4454571008397012
2025-10-18,0.1971903409090909,176,0.4625136788931888
2025-10-19,0.20481216216216216,148,0.47462030637681873
2025-10-20,0.2318956790123457,162,0.48627647662656215
2025-10-21,0.1638218009478673,211,0.4371666145256162
2025-10-22,0.16024088050314467,159,0.476169287019318
2025-10-23,0.16919401197604791,167,0.5045137190751228
2025-10-24,0.2852281437125748,167,0.4398962623994883
2025-10-25,0.15308000000000002,175,0.4493188936166824
2025-10-26,0.1913619883040936,171,0.45284483502126316
2025-10-27,0.19924157303370787,178,0.42721507220946153
2025-10-28,0.24197193877551024,196,0.44665659852217726
2025-10-29,0.164348,175,0.49295283888108377
2025-10-30,0.21932450980392154,204,0.4592630543500006
2025-10-31,0.22781917098445598,193,0.49782815025131155
2025-11-01,0.21868684210526315,152,0.4598795970677903
2025-11-02,0.113340522875817,153,0.35956599047322035
2025-11-03,0.15296476683937824,193,0.44164730366605015
2025-11-04,0.07946141304347826,368,0.4582472216055101
2025-11-05,0.14292653061224492,245,0.4709258554182798
2025-11-06,0.15782295918367348,196,0.49035451689507603
2025-11-07,0.16695185185185185,216,0.45487283384842714
2025-11-08,0.148075,160,0.44012283691297704
2025-11-09,0.17580892857142857,168,0.4340248463913934
2025-11-10,0.11158505747126438,174,0.40429194783199507
2025-11-11,0.1920171875,192,0.46583564969876284
2025-11-12,0.1577748717948718,195,0.4813233556724979
2025-11-13,0.14753973214285715,224,0.44544654572225845
2025-11-14,0.1394124183006536,306,0.4759477877164316
2025-11-15,0.0956570731707317,205,0.44934177176636586
2025-11-16,0.12791772727272727,220,0.5086975936045927
2025-11-17,0.20421821305841925,291,0.4931268994315791
2025-11-18,0.09976399999999999,375,0.46501145223089124
2025-11-19,0.17335620689655173,290,0.46347021686011125
2025-11-20,0.1361899182561308,367,0.45182574997525715
2025-11-21,0.11427599243856332,529,0.4834391590882659
2025-11-22,0.09750576923076924,260,0.47863282620585057
2025-11-23,0.15854538745387453,271,0.47398490783808234
2025-11-24,0.07720036231884059,276,0.42928267250025265
2025-11-25,0.19118776595744683,188,0.46054968495203735
2025-11-26,0.2047269035532995,197,0.46085159098712364
2025-11-27,0.16719565217391305,161,0.4211319732797289
2025-11-28,0.19609562043795623,137,0.47328331178689637
2025-11-29,0.2849150793650793,126,0.4997213362773233
2025-11-30,0.1924062015503876,129,0.45126031735988076
2025-12-01,0.13305999999999998,220,0.481373056937346
2025-12-02,0.16658699999999999,200,0.47161791400992753
2025-12-03,0.1271429347826087,184,0.4372509571317728
2025-12-04,0.1370608187134503,171,0.4564384640406595
2025-12-05,0.1567872832369942,173,0.49435961249403326
2025-12-06,0.20806213592233008,103,0.43990848337845717
2025-12-07,0.2639853658536585,123,0.43705216286248366
2025-12-08,0.17770709677419355,155,0.42756268320117913
2025-12-09,0.14324260355029586,169,0.4512438924085714
2025-12-10,0.15842465753424656,146,0.4698074968297847
2025-12-11,0.1759625,144,0.4881387040464136
2025-12-12,0.21228079470198677,151,0.4783787703922812
2025-12-13,0.11704573643410852,129,0.4819383432763587
2025-12-14,0.15335128205128204,156,0.3802360198252386
2025-12-15,0.12575542857142857,175,0.46695156590220604
2025-12-16,0.16969625668449198,187,0.43444755902761384
2025-12-17,0.09552378048780488,164,0.5128075126339716
2025-12-18,0.1215295918367347,196,0.4632132107431869
2025-12-19,0.1654978021978022,182,0.4551170823746082
2025-12-20,0.13459076923076924,130,0.4938963539461131
2025-12-21,0.11644274809160304,131,0.48477182690266124
2025-12-22,0.1719222222222222,207,0.4586275813105087
2025-12-23,0.12720808823529411,136,0.5040662017154828
2025-12-24,0.17643095238095238,126,0.543690915055867
2025-12-25,0.19874146341463417,164,0.4206209483568528
2025-12-26,0.15291006711409397,149,0.4538811532955377
2025-12-27,0.21863146853146853,143,0.44843622930048443
2025-12-28,0.18552260869565218,115,0.42992457887337726
2025-12-29,0.08971689189189189,148,0.44618583608735046
2025-12-30,0.23122608695652175,161,0.4780956949871201
